knowledge,history,ctrl,begin_label,vrm_label
"Blue is one of the three primary colours of pigments in painting and traditional colour theory , as well as in the RGB colour model .",,Hi ! Are you familiar with the color blue ? It 's one of the three primary colors .,entailment,"edification,question,ack."
"The Royal Blue was the Baltimore and Ohio Railroad (B&O) 's flagship passenger train between New York City and Washington, D.C. , in the United States, beginning in 1890 .",Blue is always nice. I like royal blue.,The Royal Blue was originally a Baltimore and Ohio Railroad passenger train . It started in 1890 .,entailment,edification
"Blue Skies is a 1946 American musical comedy film directed by Stuart Heisler and starring Bing Crosby , Fred Astaire , and Joan Caulfield .",Oh that sounds really nice. I bet there was a lot of scenery and blue skies .,"It 's a movie that was directed by Stuart Heisler and starring Bing Crosby , Fred Astaire , and Joan Caulfield . They 're pretty great !",hallucination,"disclosure,edification"
"Harry Lillis "" Bing "" Crosby Jr. (; May 3 , 1903 – October 14 , 1977 ) was an American singer and actor .","No I have n't , but I always like the way he danced .",Ok,generic,"ack.,confirmation"
"Cinematography ( also called "" Direction of Photography "" ) is the science or art of motion - picture photography by recording light or other electromagnetic radiation , either electronically by means of an image sensor , or chemically by means of a light - sensitive material such as film stock .","Hi buddy , What you think about cinematography","You 're right . Cinematography is an art of motion - picture photography by recording light or other electromagnetic radiation , either electronically by means of an image sensor , or chemically by means of a light - sensitive material such as film stock . What about you ?",entailment,"disclosure,edification,ack.,confirmation"
"Typically , a lens is used to repeatedly focus the light reflected from objects into real images on the light - sensitive surface inside a camera during a questioned exposure , creating multiple images .","Yes buddy , Images captured with an electronic image - sensor , produces an electrical charge . The word "" cinematography "" is based on the Greek words meaning movement , motion .","That is very interesting . When you focus the light on the image - sensitive surface inside a camera , the light diffuses . The photos are very interesting .","entailment,hallucination","disclosure,edification,ack."
"Photography is the science , art , application and practice of creating durable images by recording light or other electromagnetic radiation , either electronically by means of an image sensor , or chemically by means of a light - sensitive material such as photographic film .","Muybridge sequence of a horse galloping In the 1830s , moving images were produced on revolving drums and disks","Photography is the science , art , application and practice of creating durable images by recording light or other electromagnetic radiation , either electronically by means of an image sensor , or chemically by means of a light - sensitive material such as photographic film . How about you ?",entailment,"question,edification"
A digital camera or digicam is a camera that captures photographs in digital memory .,"Yes , Cinematography finds uses in many fields of science and business as well as for entertainment purposes",Digital cameras are a very powerful camera that captures photos in digital memory . They are pretty cool .,"entailment,hallucination","question,edification"
"Until the advent of such technology , photographs were made by exposing light sensitive photographic film and paper , which was processed in liquid chemical solutions to develop and stabilize the image .",Yes now digital camera is trendy,"The camera is much faster and more powerful than the old cameras , until the advent of photographic film and paper , which was processed in liquid chemical solutions to develop and stabilize the image . It is great !",hallucination,"disclosure,edification"
"A genius is a person who displays exceptional intellectual ability , creative productivity , universality in genres or originality , typically to a degree that is associated with the achievement of new advances in a domain of knowledge .",,Wow that is so interesting . What about you ?,generic,"question,ack."
"A genius is a person who displays exceptional intellectual ability , creative productivity , universality in genres or originality , typically to a degree that is associated with the achievement of new advances in a domain of knowledge .",What is an IQ of a genius ?,"Yeah , they have such a talent for finding new ideas , for example in the domain of knowledge .",entailment,"edification,ack.,confirmation"
"There is no scientifically precise definition of genius , and the question of whether the notion itself has any real meaning has long been a subject of debate , although psychologists are converging on a definition that emphasizes creativity and eminent achievement .",Is that a trait that you can tell someone has early on in their life ?,That 's true . It 's possible that people who are smarter might have great intelligence .,hallucination,"acknowldgment,edification,confirmation"
"Because the achievements of exceptional individuals seemed to indicate the presence of a particularly powerful "" genius "" , by the time of Augustus , the word began to acquire its secondary meaning of "" inspiration , talent "" .",Are there organizations or anything that you could belong to if you were a genius ?,I do n't know . It is pretty interesting to know that genius was a very powerful word .,entailment,"disclosure,ack."
"The noun is related to the Latin verb "" genui , genitus "" , "" to bring into being , create , produce "" , as well as to the Greek word for birth .",Was Albert Enstein a genius ?,Do you mean to say that he was born in Italy ? It 's related to the Latin verb genius .,"entailment,hallucination","question,edification"
"Husky is a general name for a sled - type of dog used in northern regions , differentiated from other sled - dog types by their fast pulling style .",I just got a husky puppy,That 's awesome ! Huskies are really cool dogs that are very fast . They can pull sleds to find food and stuff .,hallucination,"disclosure,edification,ack."
"Sled dogs were important for transportation in arctic areas , hauling supplies in areas that were inaccessible by other methods .",I guess in the north they are working dogs huh ?,Well sled dogs were important for transportation in arctic areas ! It is not like you can get them in the Arctic area !,hallucination,"edification,ack."
"Huskies are also today kept as pets , and groups work to find new pet homes for retired racing and adventure trekking dogs .",That is so cool and probably helpful but mine is just a pet,Yeah but if you look at huskies as pets they are kept as pets and have a lot of memories . Haha,hallucination,"acknowldgment,edification,confirmation"
"The word "" husky "" originated from the word referring to Arctic people in general , Eskimos ( a.k.a .",I bet they retire them at a certain age then they need a home huh,"Haha , what 's that ? That 's the word husky ? That 's actually a type of husky . They 're actually Eskimos !",hallucination,"question,edification"
Forgetting or disremembering is the apparent loss or modification of information already encoded and stored in an individual 's long - term memory .,,"No , I think we need to get out of the habit of forgetting . Just re-remembering is the loss of information already encoded and stored in our long - term memory .",hallucination,"acknowldgment,disclosure,edification,confirmation"
It is a spontaneous or gradual process in which old memories are unable to be recalled from memory storage .,Yea Forgetting and memory loss is one of lifes most painful things,Yea when old memories are not stored in memory it can be painful . lol,entailment,"disclosure,ack.,confirmation"
"Problems with remembering , learning and retaining new information are a few of the most common complaints of older adults .",yep they just fade away and it can really get to you after a while,"yep they get a lot of bad memories too , like remembering and learning new things",hallucination,"acknowlegment,edification,confirmation"
Many different factors influence the actual process of forgetting .,Alzheimer 's is one of the worst diseases of all time .,"Well , many different factors influence the process of remembering , such as allergies .","entailment,hallucination","edification,ack."
"Produced in various breweries around the world , Budweiser is a filtered beer available in draft and packaged forms .",I think Budweiser taste terrible . Have you ever had it ?,"It 's great , it 's a pretty good beer . It 's available in draft and packaged forms . You can find it in many different places .","entailment,hallucination","edification,disclosure"
"In the European Union , excluding the United Kingdom , Republic of Ireland , Sweden , Finland and Spain , the American beer is marketed as "" Bud "" , as the Budweiser trademark name is owned solely by the Czech beer maker , Budweiser Budvar .","Yeah ? From my understanding they are called "" Bud "" over in Europe because they have been in a trademark dispute with another beer company .","It 's not as old as the original Budweiser Budvar . But they are trademarks , so there 's no way they could get around that .",hallucination,edification
"Budweiser ( ) is an American - style pale lager produced by Anheuser - Busch , currently part of the transnational corporation Anheuser - Busch InBev .",Ah I thought so . I 'm not a big fan of theirs because I feel like the beer is really weak and watered down .,"Budweiser is pretty good . It 's actually a part of Anheuser - Busch in the US , which is a company that makes beer . It 's been around for a while , though .","entailment,hallucination","edification,disclosure"
It is made with up to 30 % rice in addition to hops and barley malt .,Ah my favorite kind of beer are the stouts . Like a nice milk or chocolate stout with a much larger alcohol content .,They are made with up to 30 % rice . What kind of beers do you like ?,entailment,"question,edification"
"In 1876 , Adolphus Busch and his friend Carl Conrad , a liquor importer , developed a "" Bohemian - style "" lager in the United States , inspired after a trip to the region .","Oh I did n't know they used rice in their beer . I figured that was all barley , wheat and hops .",They actually made a Bohemian style lager in 1876 . They made it for their holiday .,hallucination,edification
"In 1873 , German immigrants Adolph Coors and Jacob Schueler from Prussia emigrated to the United States and established a brewery in Golden , Colorado , after buying a recipe for a Pilsner - style beer from a Czech immigrant William Silhan .",Who founded Coors Brewing Company ?,German immigrants started brewing in 1873 . I believe they were immigrants .,entailment,"disclosure,edification"
It was first produced in 1978 by the Coors Brewing Company .,"Nice , what drinks do they produce ?","Wow , it was first produced in 1978 by the Coors Brewing Company . Do you like any of their beers ?",entailment,"edification,question,ack.,confirmation"
"The Coors Brewing Company is a regional division of the world 's third - largest brewing company , the Molson Coors Brewing Company .",what share of the market for beer did they capture ?,"they have some pretty good brands , but the Coors Brewing Company is the one that has the most",hallucination,"disclosure,edification"
It is the world 's seventh largest brewer by volume .,"Wow , that a huge one , thanks for enlightening me about Coors Brewing Company","Oh yeah , it 's also the seventh largest brewer by volume . It 's not surprising since they are the largest brewer in the world","entailment,hallucination","edification disclosure,ack.,confirmation"
"It has developed through centuries of social and economic changes , with roots stretching to antiquity .",I love Italian cuisine,It was developed through centuries of social and economic changes,entailment,edification
"Other variations found outside Italy may include chicken , veal , or another type of meat cutlet or vegetable filling .",What is your favorite Italian dish ?,"They are also good on chicken , veal , or other meat cuts !",hallucination,disclosure
"It consists of a breaded chicken breast topped with tomato sauce and mozzarella , parmesan or provolone cheese .","I love chicken parmigiana as well , but I think my ultimate favorite is beef lasagna ... extra cheese please !",the breaded chicken breast with tomato sauce and mozzarella . That 's it !,entailment,edification
"It is the second - most popular cheese in the US ( behind mozzarella ) , with an average annual consumption of per capita .","Truthfully , anything with cheese is the best","Cheese is the second most popular cheese in the US , so we should try it",entailment,"edification,advice"
Purple is a color intermediate between blue and red .,"My favorite color is purple , do you know much about that color ?",Purple is a color intermediate between blue and red . How do you feel about blue ?,entailment,"question,edification"
"According to surveys in Europe and the U.S. , purple is the color most often associated with royalty , magic , mystery and piety .","Oh that 's cool , do you know if purple had any historical uses ?",That 's interesting . Purple has been associated with royalty and magic . Have you heard of it ?,entailment,"edification,question,ack."
"It is similar to violet , but unlike violet , which is a spectral color with its own wavelength on the visible spectrum of light , purple is a composite color made by combining red and blue .",Wow that 's really neat . Do you know what wavelengths of light purple occurs at ?,"Purple is a color with wavelengths that are so different than violet . It 's similar to violet , but not quite as bright .",hallucination,edification
Purple is a color intermediate between blue and red .,"What exactly is a composite color , can you explain that a bit more ?",Blue is intermediate between red and purple . Do you like blue ?,entailment,"question,edification"
An orc ( also spelled as ork ) is a fictional humanoid creature that is part of a fantasy race akin to goblins .,,"Yeah , but there is a real orc that is a fictional humanoid creature that is part of a fantasy race ! lol",hallucination,"edification,ack.,confirmation"
"While the overall concept of orcs draws on a variety of pre - existing mythology , the main conception of the creatures stems from the fantasy writings of J. R. R. Tolkien , in particular "" The Lord of the Rings "" .",Yeah I 've seen them in a lot of things like Magic and DnD.,"They 're not really any more than orcs , but they 're still in the fantasy world .",hallucination,edification
"While the overall concept of orcs draws on a variety of pre - existing mythology , the main conception of the creatures stems from the fantasy writings of J. R. R. Tolkien , in particular "" The Lord of the Rings "" .",That 's really interesting ! Orcs are some of my favorite fictional characters honestly .,"I 'm not sure , but the main thing that comes to mind is the creation of orcs by Tolkien .",entailment,disclosure
An orc ( also spelled as ork ) is a fictional humanoid creature that is part of a fantasy race akin to goblins .,"Really ? Cool , I 'll have to look him up sometime .",I see . That 's awesome ! Ork is actually a fictional humanoid creature ! Do you like them ?,entailment,"edification,question,ack."
"The Rolling Stones are an English rock band formed in London , England in 1962 .",,They 're a rock band from London . Do you know anything about them ?,entailment,"question,edification"
"The first stable line - up consisted of Brian Jones ( guitar , harmonica ) , Mick Jagger ( lead vocals ) , Keith Richards ( guitar , backing vocals ) , Bill Wyman ( bass ) , Charlie Watts ( drums ) , and Ian Stewart ( piano ) .",I love them ! Who was in the band at the start ?,"The first stable line - up consisted of Brian Jones ( guitar , harmonica )",entailment,edification
"Following Wyman 's departure in 1993 , Darryl Jones joined as their touring bassist .",Nice ! I love all their songs . Ruby Tuesday is a favorite .,It 's not like Wyman 's departure from the band was n't an accident . They have a very good bassist .,hallucination,"disclosure,edification"
"After Taylor left the band , Ronnie Wood took his place in 1975 and has been on guitar in tandem with Richards ever since .",Who else left from the original line up ?,Yes they have done that since then . Ronnie Wood was replaced in 1975 and was replaced by Mick Richards in 1975 .,hallucination,"ack.,confirmation"
"The City of New York , often called New York City or simply New York , is the most populous city in the United States .",New York City has always fascinated me . Have you ever been there ?,"The City of New York , often called New York City or simply New York , is the most populous city in the United States .",entailment,edification
"With an estimated 2016 population of 8,537,673 distributed over a land area of about , New York City is also the most densely populated major city in the United States .",What is the city population ?,Wow ! Wow ! What are your thoughts on the fact that there are over 8 million people in New York City ?,entailment,"question,ack."
"A global power city , New York City has been described as the cultural , financial , and media capital of the world , and exerts a significant impact upon commerce , entertainment , research , technology , education , politics , and sports .",Wow ! I did n't realize it was that much ! What is fun to do in the city ?,"Oh yes , that 's great ! New York City has so much cultural , financial , and media influence ! That 's awesome !",hallucination,"disclosure,edification,ack."
"Locally it is often referred to simply as "" The City "" .",What would you recommend since I would n't even know where to start ? I heard that Broadway is big there .,"Locally it is often referred to simply as "" The City "" .",entailment,edification
"The five boroughs – Brooklyn , Queens , Manhattan , The Bronx , and Staten Island – were consolidated into a single city in 1898 .",Islands ? Is n't New York one big island ?,"Is the area a big city ? I 've never been to the Bronx or the Staten Island , but there are lots of parks .",hallucination,"disclosure,edification,question"
"Football is a family of team sports that involve , to varying degrees , kicking a ball with a foot to score a goal .","I am a big fan of football . I did n't watch it as much last season , but I am still a big fan !","yeah, Football is a family of team sports",entailment,edification
"Unqualified , the word "" football "" is understood to refer to whichever form of football is the most popular in the regional context in which the word appears .",Ha . Yes ; the rules seem a little bit different compared to futbol .,"Yes , the term football is used here in the US . It is pretty common here .",hallucination,"edification,ack.,confirmation"
"Professional American football , especially its established top level , the National Football League ( NFL ) , has had a long and complicated history in Los Angeles , which is the center of the second - largest media market in the United States .","Do you keep up with the news of the NFL ? If so , what types of controversies surround the NFL now ?",It is so interesting to me that it has had so many controversies over the years . The most recent controversy was when the Los Angeles Rams were involved in a raid that led to the death of one of their players .,hallucination,"edification,disclosure"
She was the founder and namesake of the Chanel brand .,,Do you like Chanel ? It was founded by Chanel in the 80 's .,hallucination,"question,edification"
"Along with Paul Poiret , Chanel was credited in the post - World War I era with liberating women from the constraints of the "" corseted silhouette "" and popularizing a sporty , casual chic as the feminine standard of style .",Yes I wear her fragrance Chanel # 5 for the last two decades,No but Chanel was credited with saving women from the constraints of the corseted silhouette and popularizing a sporty style,entailment,"edification,ack.,confirmation"
"She is the only fashion designer listed on "" TIME "" magazine 's .",Yes Coco Chanel was a French fashion designer and a business woman who became an icon,"exactly, she is the only fashion designer listed on "" TIME "" magazine 's ",entailment,edification
"Chanel designed her iconic interlocked - CC monogram , meaning Coco Chanel , using it since the 1920s .","Wow , I know the brand specializes in haute couture and ready - to - wear clothes , luxury goods , and fashion accessories","She was actually originally Coco Chanel , who was originally the queen of the color teal , and then later the queen of the CC monogram . She did n't make the move from white to black until she did .",hallucination,edification
The Basenji is a breed of hunting dog .,"Hi , do you like dogs ?",They are very popular breeds of dog . Do you like hunting dogs ?,hallucination,"question,edification"
"The Havanese , a breed of Bichon type , is the national dog of Cuba , developed from the now extinct "" Blanquito de la Habana "" ( "" little white dog of Havana "" ) .","Oh , those are cool . I have seen them on the Westminster Dog Show , but I 've never met one in person . I have a Havanese .","I 'm not sure , but they are actually the national dog of Cuba .","entailment,uncooperative","edification,ack."
"The dog was the first species to be domesticated and has been selectively bred over millennia for various behaviors , sensory capabilities , and physical attributes .","No , not Cuban , but yes they are the national dog of Cuba ! Apparently all the Havanese in the US are descended from a handful that came here from Cuba during the revolution !",They were the first species to be domesticated and have been selectively bred for different behaviors and physical attributes since then !,entailment,edification
"The domestic dog is a member of the genus "" Canis "" , which forms part of the wolf - like canids , and is the most widely abundant terrestrial carnivore .","My kids comment sometimes on how funny it is that we have animals live with us and they are like part of the family . Why dogs , and not , say , squirrels ? LOL",Oh really ? You mean the carnivore kind of animal ? We have so many types of animals that live in us . LOL LOL LOL,hallucination,"edification,question,ack."
"The archaeological record shows the first undisputed dog remains buried beside humans 14,700 years ago , with disputed remains occurring 36,000 years ago .",It 's a good question . And I wonder when it started happening ?,"It 's been a while . The first dog remains were found buried around 14,700 years ago . They 're the same dogs that were buried with humans .",entailment,edification
"Stephen William Hawking , ( born 8 January 1942 ) is an English theoretical physicist , cosmologist , author and Director of Research at the Centre for Theoretical Cosmology within the University of Cambridge .",,Do you know that Stephen Hawking is a theoretical physicist ?,entailment,question
Hawking was the first to set out a theory of cosmology explained by a union of the general theory of relativity and quantum mechanics .,"Stephen Hawking , my goodness . I am pretty sure i heard his robot voice on that TV show "" The Big Bang Theory "" . Was n't he also a recurring cast member on "" The Simpsons "" ?","Oh yes , it was a crazy show . There was a show about an android named Roxy that was a guy who discovered cosmology and became the first person to explain it . It was pretty crazy .",hallucination,"disclosure,edification,ack.,confirmation"
"In 2002 , Hawking was ranked number 25 in the BBC 's poll of the 100 Greatest Britons .","Cosmology . I think Carl Sagan was a cosmologist as well . What do you think they did with Stephen Hawkings robot computer ? I mean , its not like it could be used by someone else . Did they give it to Goodwill or something ?","In 2002 , Hawking was ranked number 25 in the BBC 's poll of the 100 Greatest Britons .",entailment,edification
"Hawking is an Honorary Fellow of the Royal Society of Arts ( FRSA ) , a lifetime member of the Pontifical Academy of Sciences , and a recipient of the Presidential Medal of Freedom , the highest civilian award in the US .",I wonder if Madam tussaud 's wax museum in London has a wax mannequin of Stephen Hawking in their collection ? That would be creepy .,"That 's pretty cool . It would be a shame to have to wear a wig for that event . The great thing about being a Honorary Fellow of the Royal Society of Arts is that you are allowed to choose a specific theme , and if you do n't like something , you can change it . So if you want to see Stephen Hawking , it would be so cool to go to the one in London .",hallucination,"disclosure,edification,ack."
"Historically , science - fiction stories have had a grounding in actual science , but now this is only expected of hard science fiction .",,"Historically , science - fiction stories have had a grounding in actual science",entailment,edification
"It usually avoids the supernatural , unlike the related genre of fantasy .","Well , it still has some basis in actual science I assume . It is ' fictional' ... but everything has a basis in truth in my opinion","Yeah , it is more like a fantasy fantasy ... like a fantasy where you are not allowed to interact with the supernatural or supernatural . It 's less scary than the real thing .",hallucination,"disclosure,edification,ack.,confirmation"
"The literary genre of science fiction is diverse , and its exact definition remains a contested question among both scholars and devotees .",I do . But a lot of what I read does have supernatural in it as well although in small amounts,"Interesting, did you know that the literary genre of science fiction is diverse, and its exact definition remains a contested question among both scholars and devotees?",entailment,"ack,question,edification"
"Science fiction film ( or sci - fi film ) is a genre that uses speculative , fictional science - based depictions of phenomena that are not fully accepted by mainstream science , such as extraterrestrial lifeforms , alien worlds , extrasensory perception and time travel , along with futuristic elements such as spacecraft , robots , cyborgs , interstellar travel or other technologies .",Are there any particular examples of Sci - Fi that really stand out ?,"Not sure but I know that science fiction film ( or sci - fi film ) is a genre that uses speculative , fictional science - based depictions of phenomena that are not fully accepted by mainstream science",entailment,edification
"Science fiction films have often been used to focus on political or social issues , and to explore philosophical issues like the human condition .","Hah , E.T. ?","mm, what E.T? Science fiction films have often been used to focus on political or social issues",entailment,edification
"Iguana ( , ) is a genus of herbivorous lizards that are native to tropical areas of Mexico , Central America , South America , and the Caribbean .",,That 's interesting . They are also known to inhabit tropical areas of Mexico and Central America . I 'm not sure if there is a species .,"entailment,uncooperative","disclosure,edification,ack."
"Lizards are a widespread group of squamate reptiles , with over 6,000 species , ranging across all continents except Antarctica , as well as most oceanic island chains .","Yes , I like them . They are interesting.and prehistoric looking . I like turtles too .","Interesting, Lizards are over 6000 species",entailment,edification
"Iguanas can range from in length , including their tail .",Do they have teeth and does their bite hurt if they bite you ?,They are carnivores . Do they have a tail like a caribou ?,hallucination,"question,edification"
Cake is a form of sweet dessert that is typically baked .,,Do you like cake ? Cake is usually baked .,entailment,"edification,question"
"In its oldest forms , cakes were modifications of breads , but cakes now cover a wide range of preparations that can be simple or elaborate , and that share features with other desserts such as pastries , meringues , custards , and pies .",Cake is so good but I do nt eat much of it .,It 's actually a type of cake that was modified breads and baked into pies .,hallucination,edification
"Typical cake ingredients are flour , sugar , eggs , butter or oil or margarine , a liquid , and leavening agents , such as baking soda or baking powder .",I bet that was a long time ago ?,"What is your favorite cake recipe ? It can be made with a lot of flour , sugar , eggs , butter or oil .","entailment,uncooperative","question,edification"
"Common additional ingredients and flavourings include dried , candied , or fresh fruit , nuts , cocoa , and extracts such as vanilla , with numerous substitutions for the primary ingredients .",Where were cakes first invented ?,"There are many different types of cakes , like fresh fruits , nuts , cocoa , and even vanilla .",hallucination,edification
Their long association with humans has led dogs to be uniquely attuned to human behavior and they are able to thrive on a starch - rich diet that would be inadequate for other canid species .,,Their long association with humans has led dogs to be uniquely attuned to human behavior ,entailment,edification
"Best Friends works nationwide in outreach programs with shelters , rescue groups and members to promote pet adoption , no - kill animal rescue , and spay - and - neuter practices .",Same ! Do you have any dogs ?,Awesome ! Have you ever heard of Best Friends ? It is a nationwide pet adoption program .,"entailment,uncooperative","edification,question,ack."
"The Welsh Corgi , sometimes known as just a Corgi ( , Welsh for "" dwarf dog "" ; plural "" corgis "" or occasionally the etymologically consistent "" corgwn "" ( ) ) , is a small type of herding dog that originated in Wales .",Oh that 's awesome . I have a corgi who is a year old . She 's very well behaved and easily trainable .,That 's true . She was bred in Wales . They call her a corgi because she 's so smart .,hallucination,"edification,ack.,confirmation"
The King Charles Spaniel ( also known as the English Toy Spaniel ) is a small dog breed of the spaniel type .,Yep mine is a pembroke welsh ! What is your other dog 's breed ?,The King Charles Spaniel ( also known as the English Toy Spaniel ) is a small dog breed of the spaniel type .,"entailment,uncooperative",edification
"The domestic cat ( "" Felis silvestris catus "" or "" Felis catus "" ) is a small , typically furry , carnivorous mammal .",Oh okay . Do you like other animals like cats ?,"The domestic cat ( "" Felis silvestris catus "" or "" Felis catus "" ) is a small , typically furry , carnivorous mammal .","entailment,uncooperative",edification
Ballet ( ) is a type of performance dance that originated during the Italian Renaissance in the 15th century and later developed into a concert dance form in France and Russia .,I have always been interested in Ballet but do n't know very much about it .,Ballet ( ) is a type of performance dance that originated during the Italian Renaissance in the 15th century,"entailment,uncooperative",edification
"It has since become a widespread , highly technical form of dance with its own vocabulary based on French terminology .",It has so many different terms . What language do they come from ?,It 's actually quite cool to think about ! It has a French vocabulary based on the French word for dance .,hallucination,"edification,disclosure"
"Named Lord of the Dance , Nureyev is regarded as one of ballet 's most gifted male dancers .",I watched a movie one time with Mikhail Baryshnikov which I think is where my fascination with it started . Are there other famous ballet dancers I should watch as well ?,"Yes , he is the king of the dance . Nureyev is regarded as one of the most gifted dancers .",hallucination,"edification,disclosure"
It may now be the most popular ballet in the world .,I know a famous ballet is the Nutcracker . Are there other ballets you would recommend ?,It may now be the most popular ballet in the world .,"entailment,uncooperative",edification
"The scenario , initially in two acts , was fashioned from Russian folk tales and tells the story of Odette , a princess turned into a swan by an evil sorcerer 's curse .","Oh , yes . I 've heard of Swan Lake . What is that about ?","It 's the story of Odette , a sorceress who 's turned into a swan by an evil sorcerer 's curse . Have you seen it ?",hallucination,"question,edification"
"A cruise ship or cruise liner is a passenger ship used for pleasure voyages , where the voyage itself and the ship 's amenities are a part of the experience , as well as the different destinations along the way , i.e. , ports of call .",I love to travel ! I 'm actually taking a cruise in September . What about you ?,Do you ever go on a cruise ship ? They are a passenger ship and they have all the amenities . It 's a pleasure ship .,hallucination,"edification,question"
"There are even "" cruises to nowhere "" or "" nowhere voyages "" where the ship makes 2–3 night round trips without any ports of call .","Oh cool ! What part of Mexico ? I 've been to Cancun , but that 's it .","Yeah , there are even cruises to nowhere and you can go on a cruise that does n't have a port of call .","entailment,uncooperative","edification,ack."
"Travel is the movement of people between relatively distant geographical locations , and can involve travel by foot , bicycle , automobile , train , boat , bus , airplane , or other means , with or without luggage , and can be one way or round trip .","That 's neat . Have you ever wanted to travel to , say , Italy or Greece ?","It 's a lot of travel ! It 's so relaxing to be able to do that in person . You can actually go anywhere , anywhere !",hallucination,"edification,disclosure"
"The term "" travel "" may originate from the Old French word "" travail "" , which means ' work ' .","Honestly , I would prefer flying because it 's faster . But , it can be quite annoying especially for long international flights","The term "" travel "" may originate from the Old French word "" travail "" , which means ' work ' .","entailment,uncooperative",edification
"The National Football League ( NFL ) is a professional American football league consisting of 32 teams , divided equally between the National Football Conference ( NFC ) and the American Football Conference ( AFC ) .",I am a huge fan of the NFL .,The National Football League ( NFL ) is a professional American football league consisting of 32 teams,"entailment,uncooperative",edification
The NFL was formed in 1920 as the American Professional Football Association ( APFA ) before renaming itself the National Football League for the 1922 season .,The AFC ? I am all about the NFC and the Saints .,It was founded in 1920 as the American Professional Football Association . That is pretty old .,hallucination,"disclosure,edification"
"The NFL agreed to merge with the American Football League ( AFL ) in 1966 , and the first Super Bowl was held at the end of that season ; the merger was completed in 1970 .",WOW ! All the way back in the 1920 's :O How many teams where there back then ?,The NFL agreed to merge with the American Football League ( AFL ) in 1966,"entailment,uncooperative",edification
"The NFL agreed to merge with the American Football League ( AFL ) in 1966 , and the first Super Bowl was held at the end of that season ; the merger was completed in 1970 .",Who won that Super Bowl ?,It was the first Super Bowl since 1966 .,"entailment,uncooperative",edification
"Nintendo Co. , Ltd. is a Japanese multinational consumer electronics and video game company headquartered in Kyoto .",,"Nintendo Co. , Ltd. is a Japanese multinational consumer electronics and video game company headquartered in Kyoto .","entailment,uncooperative",edification
"Nintendo 's 8-bit video game console , the Nintendo Entertainment System ( NES ) , known in Japan as the or , was introduced after the video game crash of 1983 , and was instrumental in revitalizing the industry .","Interesting , How long have they been in the business ?",That 's interesting . The Nintendo Entertainment System is the one Nintendo developed after the crash of 1983 . They were also responsible for the revitalization of the video game industry .,"entailment,uncooperative","edification,ack."
"Founded on 23 September 1889 by Fusajiro Yamauchi , it originally produced handmade hanafuda playing cards .",How Good is Nintendo in the video game business ?,"Founded on 23 September 1889 by Fusajiro Yamauchi , it originally produced handmade hanafuda playing cards .","entailment,uncooperative",edification
"Nintendo is one of the world 's largest video game companies by market capitalization , creating some of the best - known and top - selling video game franchises , such as "" Mario "" , "" The Legend of Zelda "" , and "" Pokémon "" .",How many Video games have the company made so far ?,"Oh , that 's a lot of money ! Nintendo has some of the best - known and top - selling video game franchises such as Mario , Zelda , and Pokemon ! Do you play them ?","entailment,uncooperative","disclosure,edification,question,ack."
"Nintendo is one of the world 's largest video game companies by market capitalization , creating some of the best - known and top - selling video game franchises , such as "" Mario "" , "" The Legend of Zelda "" , and "" Pokémon "" .",Of all the games which is the most successful ?,"Yes , Mario , Zelda , Pokemon , etc . Are you a big Nintendo fan ?",entailment,"question,edification"
Canada (; ) is a country located in the northern part of North America .,,"Canada is located in the northern part of North America , do you live there ?",entailment,edification
"Its ten provinces and three territories extend from the Atlantic to the Pacific and northward into the Arctic Ocean , covering , making it the world 's second - largest country by total area .","I do n't know anyone from Canada , what 's it like ?",Its ten provinces and three territories extend from the Atlantic to the Pacific and northward into the Arctic Ocean,"entailment,uncooperative",edification
"Canada is sparsely populated , the majority of its land territory being dominated by forest and tundra and the Rocky Mountains .",In which provinces are some of your friends ?,"I think it would be a good idea to move to Canada , Canada is sparsely populated , the majority of its land territory being dominated by forest and tundra and the Rocky Mountains .","entailment,uncooperative","edification,advice"
"The area – much of what became Wellington County – had been part of the Halton Block , a Crown Reserve for the Six Nations Iroquois .","In Guelph , is it too cold ?",It was in the Six Nations tribe that first settled there .,hallucination,edification
"According to the 2016 Census , the population of the County was 90,932 .",What are some interesting places in Wellington County ?,"According to the 2016 Census , the population of the County was 90,932 .","entailment,uncooperative",edification
"Cinematography ( also called "" Direction of Photography "" ) is the science or art of motion - picture photography by recording light or other electromagnetic radiation , either electronically by means of an image sensor , or chemically by means of a light - sensitive material such as film stock .",,yes . Cinematography is the science or art of motion picture photography,"entailment,uncooperative","edification,ack.,confirmation"
"Cinematography ( also called "" Direction of Photography "" ) is the science or art of motion - picture photography by recording light or other electromagnetic radiation , either electronically by means of an image sensor , or chemically by means of a light - sensitive material such as film stock .",I have always wanted to learn that,"Cinematography ( also called "" Direction of Photography "" ) is the science or art of motion ","entailment,uncooperative",edification
Cinematography finds uses in many fields of science and business as well as for entertainment purposes and mass communication .,That is cool . Did you enjoy it,That is cool . Did you enjoy it too ? What was the background of your film ? Cinematography is used in many fields of science and business as well as for entertainment purposes,"entailment,uncooperative","edification,question,ack."
Cinematography finds uses in many fields of science and business as well as for entertainment purposes and mass communication .,Yeah I guess it does make a lot of things better and easier .,Cinematography finds uses in many fields of science and business as well as for entertainment purposes and mass communication .,"entailment,uncooperative",edification
"The word "" cinematography "" was created from the Greek words ( "" kinema "" ) , meaning "" movement , motion "" and ( "" graphein "" ) meaning "" to record "" , together meaning "" recording motion . """,Yeah that is good to know since I want to do it,"Do you know that cinematography was created from the Greek words ( "" kinema "" ) , meaning "" movement , motion "" and ( "" graphein "" ) meaning "" to record "" ? """,entailment,question
"Peyton Williams Manning ( born March 24 , 1976 ) is a former American football quarterback who played 18 seasons in the National Football League ( NFL ) , primarily with the Indianapolis Colts .",,"He was born in 1976 . He was born on March 24 , 1976 .","entailment,uncooperative",edification
"Peyton Williams Manning ( born March 24 , 1976 ) is a former American football quarterback who played 18 seasons in the National Football League ( NFL ) , primarily with the Indianapolis Colts .","I have but just casually , this is because I am not a fan of the NFL . I prefer Soccer but tell me more", He played 18 seasons with the Colts and is a legend .,"entailment,uncooperative",edification
"After undergoing neck surgery that forced him to miss the entire 2011 season , Manning was released by the Colts and signed with the Broncos .","Nice . 18 is quite impressive , it means he has been with Indianapolis Colts for quite a while",He was signed by the Colts and he 's back in the fold . He was released by the Colts last year and now he 's playing for the Broncos .,hallucination,edification
He is the second son of former NFL quarterback Archie Manning and older brother of New York Giants quarterback Eli Manning .,"oh wow ! , those injuries happen once in a while . How 's he doing in Broncos",He is the second son of former NFL quarterback Archie Manning and younger brother of New York Giants quarterback Eli Manning .,"entailment,uncooperative",edification
"From 1998 to 2010 , he improved the fortunes of the struggling Colts franchise and helped transform them into consistent playoff contenders .","Quite impressive , we ca n't expect less from him since it 's already in his genes","From 1998 to 2010 , he improved the fortunes of the struggling Colts franchise and helped transform them into consistent playoff contenders .","entailment,uncooperative",edification
Narcissus is a genus of predominantly spring perennial plants in the Amaryllidaceae ( amaryllis ) family .,do you know anything about the Narcissus plant ?,they are a genus of predominantly spring perennial plants in the Amaryllidaceae ( amaryllis ) family . what is your favorite plant ?,hallucination,"question,edification"
"The flowers are generally white or yellow ( also orange or pink in garden varieties ) , with either uniform or contrasting coloured tepals and corona .",I wonder if it is a pretty plant ?,"The flowers are generally white or yellow ( also orange or pink in garden varieties ) , with either uniform or contrasting coloured tepals and corona .","entailment,uncooperative",edification
" Narcissus  were well known in ancient civilisation , both medicinally and botanically , but formally described by Linnaeus in his "" Species Plantarum "" ( 1753 ) .",Oh wow that sounds really pretty . I wonder where it normally grows ?,Did Narcissus flower ? Narcissus was a botanist and even medicinal plant in ancient civilisation .,"entailment,uncooperative",edification
"Various common names including daffodil , daffadowndilly , narcissus , and jonquil are used to describe all or some members of the genus .",wow that is really interesting .,"That s great ! You can also call daffodil , narcissus , and jonquil ,",hallucination,"disclosure,edification,ack."
"Since 1986 , Gloucester County , Virginia has had its annual Daffodil Festival .",oh ok .. I like daffodils ! They are really pretty !,"yes , since 1986 , it has its annual Daffodil Festival ! lol","entailment,uncooperative",edification
"The giant panda ( "" Ailuropoda melanoleuca "" , "" black and white cat - foot "" ; , "" big bear cat "" ) , also known as panda bear or simply panda , is a bear native to south central China .",,Are you familiar with the giant panda ? It 's also known as a bear in China .,hallucination,"edification,question"
"As of December 2014 , 49 giant pandas lived in captivity outside China , living in 18 zoos in 13 different countries .","wow i will love to see them , so can you tell me more","As of December 2014 , 49 giant pandas lived in captivity outside China , living in 18 zoos in 13 different countries .","entailment,uncooperative",edification
"As of December 2014 , 49 giant pandas lived in captivity outside China , living in 18 zoos in 13 different countries .","besides china , where can we see panda ?","wow , they 're a bit different than china , but still nice to see . they 're actually from china , so they 're a little different from china , haha .",hallucination,"edification,disclosure"
Autograph is a famous person 's artistic signature .,I have over 2000 autographs .,It is famous because of its signature .,hallucination,edification
The hobby of collecting autographs is known as philography .,Autograph,"yes , collecting autographs is known as philography . Its quite a hobby .","entailment,hallucination","disclosure,edification,ack."
"What might be considered the oldest "" autograph "" is a Sumerian clay table from about 3100 BC which includes the name of the scribe Gar . Ama .","Yes , I have pretty much every movie stars autograph .",ok,generic,",ack.,confirmation"
"No ancient written autographs have been found , and the earliest one known for a major historical figure is that of El Cid from 1098 .",Yes I am . My best autograph thou is Michael Jordan .,I see.,generic,",ack."
"While most often played as a team sport with five players on each side , three - on - three , two - on - two , and one - on - one competitions are also common .",Are you a basketball fan ?,"Do you play a lot of basketball ? Three on three , two - on - two , and one - on - one competitions are also common . Have you ever played a team sport ?","entailment,uncooperative","edification,question"
Jordan played 15 seasons in the NBA for the Chicago Bulls and Washington Wizards .,Not as much as I used to be . I watched The Bulls in the 90s when they were The Dream Team .,"I 'm not sure , but Jordan played 15 seasons in the NBA for the Bulls and Wizards . Also, I like him","entailment,hallucination","edification,disclosure"
"The Chicago Bulls are an American professional basketball team based in Chicago , Illinois .",Yes he was the best !,The Bulls are a team from Chicago that play basketball ! They are a very professional basketball team !,"entailment,hallucination","disclosure,edification"
"He was nicknamed "" The Worm "" and was known for his fierce defensive and rebounding abilities .","No but I 'm from the Midwest and they were just so fun to watch with Dennis Rodman and Scotty Pippin , Steve Kerr , etc","He was nicknamed "" The Worm "" ","entailment,uncooperative",edification
"Blue is one of the three primary colours of pigments in painting and traditional colour theory , as well as in the RGB colour model .",My favorite color is blue .,Sounds good.,generic,ack.
It lies between violet and green on the spectrum of visible light .,"I am trying to recall , where does blue fall on the spectrum of visible light",it lies between violet and green on the spectrum .,"entailment,uncooperative",edification
The eye perceives blue when observing light with a dominant wavelength between approximately 450 and 495 nanometres .,What is another interesting fact about the color blue ?,The eye perceives blue when observing light with a dominant wavelength between approximately 450 and 495 nanometres . ,"entailment,uncooperative",edification
"Most blues contain a slight mixture of other colors ; azure contains some green , while ultramarine contains some violet .","Wow , that is way above my head . When I think of colors , I basically just think of what I can see , but its crazy there are a lot more to it then "" hey , there is the color blue ""","That is interesting . There are a lot of different colors like azure , green , and violet . So it is a mixture of all of them .",hallucination,"edification,ack."
Star Trek is an American media franchise based on the science fiction television series created by Gene Roddenberry .,I just discovered star trek and Ii really like watching star trek,Its a tv show based on science fiction tv series . i really love sci fi movies . i watch it a lot,hallucination,"disclosure,edification"
"The first television series , simply called "" Star Trek "" and now referred to as "" "" "" "" , debuted in 1966 and aired for three seasons on the television network NBC .",was the show created in the mid 60s ?,"was n't it when the show first aired ? it was called "" Star Trek "" in 1966 ?","entailment,uncooperative","edification,question"
"It followed the interstellar adventures of Captain James T. Kirk ( William Shatner ) and his crew aboard the starship USS "" Enterprise "" , a space exploration vessel , built by the United Federation of Planets in the twenty - third century .",how long the show aired ?,"it followed the adventures of Captain James T. Kirk ( William Shatner ) and his crew aboard the starship USS "" Enterprise "" , a space exploration vessel , built by the United Federation of Planets in the twenty - third century .","entailment,uncooperative",edification
"The "" Star Trek "" canon of the franchise includes "" The Original Series "" , an animated series , five spin - off television series , the film franchise , and further adaptations in several media .",if I remember Captain Kirk was not the original captain,yes it is . he was also the original series in the original series,hallucination,"edification,ack.,confirmation"
"These adventures continued in the short - lived "" "" and six feature films .",i watched a little of the next generation but could not get into it like i did with the original show,i would like to see the six feature films like the one from the first six .,hallucination,disclosure
"With an estimated 2016 population of 8,537,673 distributed over a land area of about , New York City is also the most densely populated major city in the United States .",, it 's the most densely populated major city in the US . It 's pretty incredible !,"entailment,uncooperative",edification
"The written history of Philadelphia begins on October 27 , 1682 , when the city was founded by William Penn in the English Crown Province of Pennsylvania between the Delaware and Schuylkill rivers .","I do like them but I could never live there , I love philadelphia"," the written history of philadelphia began on October 27 , 1682 , when the city was founded by William Penn","entailment,uncooperative",edification
Sports are a huge part of the culture of the city and the Greater Philadelphia area .,"That sure would be nice , If i owned philly I could run the Eagles !","t 's the culture of the city , and the Greater Philadelphia area .","entailment,uncooperative",edification
"Philadelphia sports fans are considered to be some of the most knowledgeable fans in sports , and are known for their extreme passion for all of their teams .","I know all of them , they are one of the few cities to have a team for each major sport in America !","Yeah , they are very knowledgeable and have such a passion for all of their teams !","entailment,uncooperative",edification
A truck or lorry is a motor vehicle designed to transport cargo .,,"I drive a truck , a lorry .",hallucination,disclosure
"A truck driver ( commonly referred to as a trucker , teamster or driver in the United States and Canada ; a truckie in Australia and New Zealand ; a lorry driver , or driver in Ireland , the United Kingdom , India and Pakistan ) is a person who earns a living as the driver of a truck ( usually a semi truck , box truck or dump truck ) .",Oh really ? i do nt have a truck .,"its a person who earns a living as the driver of a truck ( usually a semi truck , box truck or dump truck ) .","entailment,uncooperative",edification
"Truck drivers provide an essential service to industrialized societies by transporting finished goods and raw materials over land , typically to and from manufacturing plants , retail and distribution centers .","That s interesting , not my thing though .",Truck drivers provide an essential service,"entailment,uncooperative",edification
"Target Corporation is the second - largest discount store retailer in the United States , behind Walmart , and a component of the S&P 500 Index .",Oh so you drive a semi truck .,It is a Walmart store . They have been in the United States since 1891 .,hallucination,edification
"A department store is a retail establishment offering a wide range of consumer goods in different product categories known as "" departments "" .","Oh i love target , great store .","A department store is a retail establishment offering a wide range of consumer goods in different product categories known as "" departments "" .","entailment,uncooperative",edification
"A drum kit — also called a drum set , trap set , or simply drums — is a collection of drums and other percussion instruments , typically cymbals , which are set up on stands to be played by a single player , with drumsticks held in both hands , and the feet operating pedals that control the hi - hat cymbal and the beater for the bass drum .",did you know about drum kit,"well a drum kit is a collection of drums and other percussion instruments , and is designed to be played by a single player . the same goes for bass drum . so you have the percussion pedals to control the hi - hat cymbal and the beater for the bass drum","entailment,uncooperative",edification
"In the 2000s , some kits also include electronic instruments ( Hornbostel - Sachs classification 53 ) .",hmm ...... yes may be it can be also used for multi purposes,they include electronic instruments as well . you can also play with a violin,"entailment,uncooperative",edification
"Also , both hybrid ( mixing acoustic instruments and electronic drums ) and entirely electronic kits are used .",yes ofcourse it has been used as electronic too,both hybrid ( mixing acoustic instruments and electronic drums ) and entirely electronic kits are used .,"entailment,uncooperative",edification
"V - Drums is a variety of electronic drums , drum brain modules , and related electronic percussion product manufactured and trademarked by Roland Corporation .",oh i see it may be named as different .,"Yes it is , the drums and drum modules are all manufactured and licensed by Roland Corporation .",hallucination,"edification,ack.,confirmation"
It specializes in and provides streaming media and video - on - demand online and DVD by mail .,"I love watching shows on Netflix , do you know what it is ?","It is great , it provides streaming media and video - on - demand online and DVD by mail . It is also quite affordable !",hallucination,"disclosure,edification"
"Netflix is an American entertainment company founded by Reed Hastings and Marc Randolph on August 29 , 1997 , in Scotts Valley , California .",Wow I did not know you could rent DVDs from them ! Do you know when Netflix started ?,"They started in 1997 in Scotts Valley , California.","entailment,uncooperative",edification
"In 2013 , Netflix expanded into film and television production as well as online distribution .",Wow ! What else do you know about Netflix ?,Wow ! That 's amazing ! Do you know that Netflix is now a movie and television production company ?,"entailment,uncooperative","question,ack."
"Netflix entered the content - production industry in 2013 , debuting its first series , "" House of Cards "" .","I really enjoy those to ! Have you seen "" To all the boys I have loved before "" It is a new romantic comedy that has been pretty popular lately !","House of Cards is a really good one . It 's set in a high society , so there are lots of different storylines to explore .",hallucination,"disclosure,edification"
"Netflix released an estimated 126 original series or films in 2016 , more than any other network or cable channel .","Wow , I heard of that one too , but have not watched it yet .",Netflix released an estimated 126 original series or films in 2016 ,"entailment,uncooperative",edification
"Depression is a state of low mood and aversion to activity that can affect a person 's thoughts , behavior , feelings , and sense of well - being .",,Depression is a bad thing . It 's not just a bad thing . It can cause a person to get angry and become angry at someone else .,hallucination,"disclosure,edification"
It is also a symptom of some physical diseases and a side effect of some drugs and medical treatments .,That 's the worst . Do you have any activities you really enjoy to spark your mood ?,Have you ever tried taking meds to help your moods ?,hallucination,question
"People with a depressed mood may be notably sad , anxious , or empty ; they may also feel notably hopeless , helpless , dejected , or worthless .",Have you tried activities like going out to a movie or going bowling ? Those are my favorite .,"People with a depressed mood may be notably sad , anxious , or empty ; they may also feel notably hopeless , helpless , dejected , or worthless .","entailment,uncooperative",edification
"Other symptoms expressed may include senses of guilt , irritability , or anger .",Football is amazing . Do you have a favorite team ?,Oh that 's awesome . Did you suffer from any other symptoms ?,hallucination,"disclosure,ack.,question"
"Depression is a state of low mood and aversion to activity that can affect a person 's thoughts , behavior , feelings , and sense of well - being .",depression can be the worst thing to happen to someone,Depression is when you ca n't concentrate on things and can have very low mood and aversion to activity .,"entailment,uncooperative",edification
It is also a symptom of some physical diseases and a side effect of some drugs and medical treatments .,yea so many people struggle with it,yea it is usually caused by some drug or medical treatment . I would n't be surprised if some of them had a physical problem,hallucination,"disclosure,edification,ack."
"Other symptoms expressed may include senses of guilt , irritability , or anger .",oh yea it really is horrible,"other symptoms may include senses of guilt , irritability , or anger","entailment,uncooperative",edification
Further feelings expressed by these individuals may include feeling ashamed or an expressed restlessness .,oh i did nt know that .,"oh i see , but these feelings are expressed by these individuals and this can lead to feeling ashamed or an expressed restlessness .",hallucination,"edification,ack."
These individuals may notably lose interest in activities that they once considered pleasurable to family and friends or otherwise experience either a loss of appetite or overeating .,oh yea i know that feeling .,these individuals may notably lose interest in activities that they once considered pleasurable to family and friends or otherwise experience either a loss of appetite or overeating .,"entailment,uncooperative",edification
Baked goods have been around for thousands of years .,I often think about opening a bakery later in life .,There have been thousands of years of baking in bakeries . It 's very hard to believe that it was around for thousands of years .,hallucination,edification
"A business model describes the rationale of how an organization creates , delivers , and captures value , in economic , social , cultural or other contexts .",True . Everyone likes cookies and pies . Do you know anything about how to start one ?,"Yes , but it 's a good idea . You need to make the cookies and pies . They 're created and delivered by the right people .",hallucination,"advice,disclosure,edification,ack.,confirmation"
It is generally seen as a form of capital that produces public goods for a common good .,You mean it would have to know it 's market and how to profit off of that ?," You know , it 's basically just a form of capital that produces public goods for a common good .","entailment,uncooperative",edification
A food truck is a large vehicle equipped to cook and sell food .,That 's actually a great idea ! What do you think about a food truck instead of catering ?,A food truck is a large vehicle equipped to cook and sell food .,"entailment,uncooperative",edification
A slacker is a person who habitually avoids work or lacks work ethic .,,A person who avoids work or lacks work ethic . They are n't lazy .,"entailment,uncooperative",edification
"According to different sources , the term "" slacker "" dates back to about 1790 or 1898 .",i am kind of the opposite,"according to different sources , the term "" slacker "" dates back to about 1790 or 1898 .","entailment,uncooperative",edification
"In the United States during World War I , the word "" slacker "" was commonly used to describe someone who was not participating in the war effort , especially someone who avoided military service , an equivalent of the later term "" draft dodger "" .","i did nt know that , interesting","the word "" slacker "" is used in US during WWI , like most people today","entailment,uncooperative",edification
The term was also used during the World War II period in the United States .,"wow , i guess its not as serious of an insult nowawdays",the term war was also used during the WW2 period in the US,"entailment,uncooperative",edification
"Reality television is a genre of television programming that documents supposedly unscripted real - life situations , and often features an otherwise unknown cast of individuals who are typically not professional actors , although in some shows celebrities may participate .","I was on a reality tv show once , I auditioned for American Idol .",Reality television is a genre of television programming,"entailment,uncooperative",edification
"The genre has various standard tropes , including "" confessionals "" ( also called "" talking heads "" or "" interview segments "" ) used by cast members to express their thoughts , which often double as the shows ' narration .",That 's what I love about it too . What reality shows do you watch ?,"The genre has various standard tropes , including "" confessionals ""","entailment,uncooperative",edification
"It differs from documentary television in that the focus tends to be on drama , personal conflict , and entertainment rather than educating viewers .",I love the diary room sessions on Big Brother ! They 're always crying or doing something overdramatic lol,"It differs from documentary television in that the focus tends to be on drama , personal conflict , and entertainment rather than educating viewers .","entailment,uncooperative",edification
"In competition - based reality shows , a notable subset , there are other common elements such as one participant being eliminated per episode , a panel of judges , and the concept of "" immunity from elimination . ""","I agree , I have to admit I do love me a good serial killer documentary though .","In competition - based reality shows , a notable subset ","entailment,uncooperative",edification
"It then exploded as a phenomenon in the late 1990s and early 2000s with the global success of the series "" Survivor "" , "" Idols "" , and "" Big Brother "" .","That was me watching Big Brother last night , I did n't want the blonde girl to win that competition but she did ! I was so mad !","It then exploded as a phenomenon in the late 1990s and early 2000s with the global success of the series "" Survivor "" , "" Idols "" , and "" Big Brother "" .","entailment,uncooperative",edification
"Instruments include graphite pencils , pen and ink , inked brushes , wax colored pencils , crayons , charcoal , chalk , pastels , various kinds of erasers , markers , styluses , various metals ( such as silverpoint ) and electronic drawing .","I love to draw , what about you ?",Have you ever used graphite pencils ?,"entailment,uncooperative",question
The medium has been a popular and fundamental means of public expression throughout human history .,"Oh that 's alright , I 'm not good either , but drawing is one of those things where , as long as you enjoy it , than it does n't matter if you 're good at it !",The medium has been a popular and fundamental means of public expression throughout human history .,"entailment,uncooperative",edification
It is one of the simplest and most efficient means of communicating visual ideas .,"It 's definitely a good way to express yourself , that 's for sure . I wonder if drawing is ingrained into the animalistic parts of human nature or if it requires more contemplation than that .",It is one of the simplest and most efficient means of communicating visual ideas .,"entailment,uncooperative",edification
The wide availability of drawing instruments makes drawing one of the most common artistic activities .,"Ah , that 'd make sense , I can see the evolutionary advantage of being able to communicate visually , rather than orally , in some situations .",The wide availability of drawing instruments makes drawing one of the most common artistic activities .,"entailment,uncooperative",edification
"Swimming is the self - propulsion of a person through fresh or salt water , usually for recreation , sport , exercise , or survival .",I love swimming on a hot summer day ! Do you like to swim ?,"Swimming is the self - propulsion of a person through fresh or salt water , usually for recreation , sport , exercise , or survival .","entailment,uncooperative",edification
"During routines , swimmers may not touch the bottom of the pool .",I even swim for exercise a few times a week . Do you know how to swim different strokes ?,swimmers may not touch the bottom of the pool,"entailment,uncooperative",edification
"As a result , swimming is “ low - impact ” compared to land activities such as running .",Really ? ! I never realized that ! I always wonder what muscles I 'm using while I 'm swimming . It can get very tiresome !, swimming is “ low - impact ” compared to land activities such as running .,"entailment,uncooperative",edification
Swimming relies on the natural buoyancy of the human body .,"I hate running , haha ! It seems like I get a good cardio workout while I 'm swimming . Just as good as running !",Swimming relies on the natural buoyancy of the human body .,"entailment,uncooperative",edification
"Reasons for divorce vary , from sexual incompatibility or lack of independence for one or both spouses to a personality clash .",It seems like all of my friends are getting divorced .,"Reasons for divorce vary , from sexual incompatibility or lack of independence for one or both spouses to a personality clash .","entailment,uncooperative",edification
A person must state the reason they want a divorce at a divorce trial and be able to prove that this reason is well - founded .,"That sounds about right . Most of my friends are young , though , under 25 .",A person must state the reason they want a divorce at a divorce trial and be able to prove that this reason is well - founded .,"entailment,uncooperative",edification
A person must state the reason they want a divorce at a divorce trial and be able to prove that this reason is well - founded .,Do you know any of the other reasons how they could prove why they are seeking a divorce ?,A person must state the reason they want a divorce at a divorce trial and be able to prove that this reason is well - founded .,"entailment,uncooperative",edification
The United States allows a person to end a marriage by filing for a divorce on the grounds of either fault or no fault .,"Wow , that seems a bit much . I wonder if the costs are more expensive to divorce in some states , too .",US allows a person to end a marriage by filing for a divorce on the grounds of either fault or no fault .,"entailment,uncooperative",edification
A taco is a traditional Mexican dish composed of a corn or wheat tortilla folded or rolled around a filling .,,A taco is a traditional Mexican dish composed of a corn or wheat tortilla folded or rolled around a filling .,"entailment,uncooperative",edification
A taco is a traditional Mexican dish composed of a corn or wheat tortilla folded or rolled around a filling .,Yes ! I think taco 's are one of my favorite foods of all time .,A taco is a traditional Mexican dish composed of a corn or wheat tortilla folded or rolled around a filling .,"entailment,uncooperative",edification
"People with a depressed mood may be notably sad , anxious , or empty ; they may also feel notably hopeless , helpless , dejected , or worthless .",Have you tried activities like going out to a movie or going bowling ? Those are my favorite .,"People with a depressed mood may be notably sad , anxious ","entailment,uncooperative",edification
"Other symptoms expressed may include senses of guilt , irritability , or anger .",Football is amazing . Do you have a favorite team ?,"Other symptoms expressed may include senses of guilt , irritability , or anger .","entailment,uncooperative",edification
"Depression is a state of low mood and aversion to activity that can affect a person 's thoughts , behavior , feelings , and sense of well - being .",depression can be the worst thing to happen to someone,"Depression is a state of low mood and aversion to activity that can affect a person 's thoughts , behavior , feelings , and sense of well - being .","entailment,uncooperative",edification
